Harga,LuasTanah,LuasBangunan,JumlahKamarTidur,JumlahKamarMandi,Garasi,Kota
28000000000.0,1100,700,5,6,ADA,JAKSEL
19000000000.0,824,800,4,4,ADA,JAKSEL
4700000000.0,500,400,4,3,ADA,JAKSEL
4900000000.0,251,300,5,4,ADA,JAKSEL
28000000000.0,1340,575,4,5,ADA,JAKSEL
10000000000.0,460,300,4,4,ADA,JAKSEL
7600000000.0,278,350,4,4,ADA,JAKSEL
5250000000.0,511,300,3,2,ADA,JAKSEL
670000000.0,70,69,3,2,TIDAK ADA,JAKSEL
480000000.0,66,42,2,1,TIDAK ADA,JAKSEL
10700000000.0,449,500,6,7,ADA,JAKSEL
4200000000.0,109,188,2,3,ADA,JAKSEL
8500000000.0,320,250,4,4,ADA,JAKSEL
7000000000.0,384,400,4,4,ADA,JAKSEL
20000000000.0,462,645,5,6,ADA,JAKSEL
9500000000.0,212,300,4,4,ADA,JAKSEL
13400000000.0,342,450,5,4,ADA,JAKSEL
11000000000.0,410,700,4,4,ADA,JAKSEL
5800000000.0,144,285,4,3,ADA,JAKSEL
35000000000.0,985,400,4,3,ADA,JAKSEL
14000000000.0,780,500,3,4,ADA,JAKSEL
5000000000.0,217,450,4,4,ADA,JAKSEL
40000000000.0,1500,700,4,4,ADA,JAKSEL
7250000000.0,210,300,4,3,ADA,JAKSEL
5200000000.0,110,200,3,3,ADA,JAKSEL
25000000000.0,760,650,4,4,ADA,JAKSEL
5680000000.0,151,245,3,3,ADA,JAKSEL
10500000000.0,220,350,4,3,ADA,JAKSEL
7050000000.0,128,315,3,3,ADA,JAKSEL
9300000000.0,235,270,3,3,TIDAK ADA,JAKSEL
6500000000.0,100,250,4,3,ADA,JAKSEL
68000000000.0,470,1000,5,5,ADA,JAKSEL
3000000000.0,75,150,4,2,ADA,JAKSEL
85000000000.0,770,500,4,4,ADA,JAKSEL
19500000000.0,610,1000,6,5,ADA,JAKSEL
20900000000.0,754,500,4,4,ADA,JAKSEL
15500000000.0,440,350,4,3,ADA,JAKSEL
14000000000.0,410,800,4,4,ADA,JAKSEL
39000000000.0,973,1100,4,3,ADA,JAKSEL
8000000000.0,251,320,4,4,ADA,JAKSEL
20000000000.0,780,600,4,4,ADA,JAKSEL
17500000000.0,954,600,4,3,ADA,JAKSEL
34000000000.0,1186,900,6,5,ADA,JAKSEL
7500000000.0,186,380,4,4,ADA,JAKSEL
18500000000.0,358,500,4,5,ADA,JAKSEL
5000000000.0,217,200,4,3,ADA,JAKSEL
16000000000.0,535,600,4,4,ADA,JAKSEL
13000000000.0,330,500,3,3,ADA,JAKSEL
8000000000.0,250,320,4,3,ADA,JAKSEL
17500000000.0,477,530,4,4,ADA,JAKSEL
10500000000.0,282,450,4,4,ADA,JAKSEL
35500000000.0,1312,850,5,4,ADA,JAKSEL
16000000000.0,860,500,4,4,ADA,JAKSEL
11700000000.0,246,347,4,3,ADA,JAKSEL
18500000000.0,443,450,4,3,ADA,JAKSEL
17500000000.0,389,400,4,3,ADA,JAKSEL
6500000000.0,300,450,4,3,ADA,JAKSEL
18500000000.0,433,600,4,4,ADA,JAKSEL
25000000000.0,987,400,4,3,ADA,JAKSEL
23000000000.0,817,500,6,4,ADA,JAKSEL
12990000000.0,876,428,5,4,ADA,JAKSEL
15000000000.0,887,300,3,2,ADA,JAKSEL
13000000000.0,384,425,5,4,ADA,JAKSEL
33000000000.0,458,400,4,4,ADA,JAKSEL
9500000000.0,200,235,3,3,ADA,JAKSEL
5750000000.0,144,285,4,4,ADA,JAKSEL
19000000000.0,358,600,4,5,TIDAK ADA,JAKSEL
19000000000.0,550,480,4,4,ADA,JAKSEL
21500000000.0,950,300,5,4,ADA,JAKSEL
5200000000.0,164,140,3,3,ADA,JAKSEL
14000000000.0,460,400,4,3,ADA,JAKSEL
55000000000.0,1487,1200,6,4,ADA,JAKSEL
6250000000.0,158,400,4,2,ADA,JAKSEL
29000000000.0,1186,800,9,8,ADA,JAKSEL
8000000000.0,323,317,5,4,ADA,JAKSEL
8500000000.0,502,250,4,4,ADA,JAKSEL
18000000000.0,916,147,5,7,ADA,JAKSEL
4500000000.0,109,188,2,3,ADA,JAKSEL
10000000000.0,395,450,5,5,ADA,JAKSEL
4250000000.0,152,275,3,3,ADA,JAKSEL
4500000000.0,138,250,5,4,TIDAK ADA,JAKSEL
2800000000.0,100,150,3,3,TIDAK ADA,JAKSEL
15000000000.0,2010,800,4,3,ADA,JAKSEL
7800000000.0,188,367,3,3,ADA,JAKSEL
21000000000.0,500,525,4,5,ADA,JAKSEL
38000000000.0,1229,800,4,4,ADA,JAKSEL
29950000000.0,1000,600,4,4,ADA,JAKSEL
7500000000.0,350,350,6,6,TIDAK ADA,JAKSEL
25000000000.0,987,400,4,3,TIDAK ADA,JAKSEL
36000000000.0,626,500,5,3,ADA,JAKSEL
20000000000.0,472,650,6,5,TIDAK ADA,JAKSEL
29000000000.0,1186,600,8,9,TIDAK ADA,JAKSEL
5500000000.0,234,115,2,2,ADA,JAKSEL
16590000000.0,405,495,4,4,ADA,JAKSEL
33500000000.0,1000,800,5,6,TIDAK ADA,JAKSEL
21000000000.0,802,904,4,3,ADA,JAKSEL
7720000000.0,125,298,4,4,ADA,JAKSEL
22000000000.0,1019,650,4,3,ADA,JAKSEL
18500000000.0,180,600,4,4,ADA,JAKSEL
16500000000.0,933,600,5,5,ADA,JAKSEL
11980000000.0,241,572,4,5,ADA,JAKSEL
8500000000.0,250,250,4,4,ADA,JAKSEL
7700000000.0,190,350,3,2,ADA,JAKSEL
4200000000.0,270,300,4,4,ADA,JAKSEL
15700000000.0,860,325,5,4,ADA,JAKSEL
17000000000.0,916,147,5,7,ADA,JAKSEL
8000000000.0,323,317,5,4,ADA,JAKSEL
9550000000.0,251,288,3,3,ADA,JAKSEL
7600000000.0,278,350,4,4,ADA,JAKSEL
10200000000.0,320,360,6,4,ADA,JAKSEL
5900000000.0,240,350,4,4,ADA,JAKSEL
6000000000.0,178,309,4,3,ADA,JAKSEL
10800000000.0,438,540,6,5,ADA,JAKSEL
55000000000.0,1500,1200,7,6,ADA,JAKSEL
14000000000.0,714,750,5,3,TIDAK ADA,JAKSEL
6900000000.0,358,450,4,3,ADA,JAKSEL
55000000000.0,1497,1200,5,5,ADA,JAKSEL
17500000000.0,1056,600,5,5,ADA,JAKSEL
3500000000.0,100,156,5,4,ADA,JAKSEL
15500000000.0,340,500,4,4,ADA,JAKSEL
6900000000.0,188,350,3,3,TIDAK ADA,JAKSEL
16000000000.0,407,575,5,4,ADA,JAKSEL
11900000000.0,241,571,4,5,ADA,JAKSEL
7500000000.0,188,351,3,3,ADA,JAKSEL
40000000000.0,1500,700,4,4,ADA,JAKSEL
12500000000.0,371,300,4,4,TIDAK ADA,JAKSEL
11000000000.0,438,540,8,4,TIDAK ADA,JAKSEL
55000000000.0,1500,1200,6,6,ADA,JAKSEL
12000000000.0,512,350,3,4,TIDAK ADA,JAKSEL
6500000000.0,230,400,4,4,ADA,JAKSEL
13940000000.0,539,610,4,4,TIDAK ADA,JAKSEL
5700000000.0,168,170,3,3,TIDAK ADA,JAKSEL
8000000000.0,350,350,10,5,TIDAK ADA,JAKSEL
6900000000.0,128,315,3,3,TIDAK ADA,JAKSEL
8000000000.0,190,420,4,4,ADA,JAKSEL
5500000000.0,107,311,4,3,ADA,JAKSEL
10700000000.0,400,300,4,3,ADA,JAKSEL
21000000000.0,1042,552,5,4,ADA,JAKSEL
6500000000.0,200,300,4,4,ADA,JAKSEL
16000000000.0,447,500,4,4,ADA,JAKSEL
13500000000.0,385,525,5,4,ADA,JAKSEL
15750000000.0,1060,375,3,2,ADA,JAKSEL
23000000000.0,558,553,8,6,ADA,JAKSEL
21000000000.0,1042,550,7,6,ADA,JAKSEL
19300000000.0,1287,700,5,3,ADA,JAKSEL
4300000000.0,124,187,3,3,ADA,JAKSEL
20000000000.0,550,650,4,4,ADA,JAKSEL
9550000000.0,251,288,4,4,TIDAK ADA,JAKSEL
22000000000.0,455,570,4,5,ADA,JAKSEL
23000000000.0,650,600,5,5,ADA,JAKSEL
55000000000.0,1500,1000,5,6,ADA,JAKSEL
17500000000.0,430,820,5,6,ADA,JAKSEL
8000000000.0,299,400,4,4,ADA,JAKSEL
4600000000.0,109,180,2,3,ADA,JAKSEL
15000000000.0,714,750,5,5,ADA,JAKSEL
18000000000.0,600,400,6,6,ADA,JAKSEL
1370000000.0,425,216,4,4,TIDAK ADA,JAKSEL
21000000000.0,1100,700,5,4,TIDAK ADA,JAKSEL
12000000000.0,315,609,5,4,ADA,JAKSEL
24300000000.0,1944,1944,5,4,ADA,JAKSEL
8000000000.0,380,450,5,5,ADA,JAKSEL
18900000000.0,470,660,4,4,TIDAK ADA,JAKSEL
3200000000.0,78,65,3,2,ADA,JAKSEL
21900000000.0,377,260,6,5,ADA,JAKSEL
5600000000.0,269,300,4,4,ADA,JAKSEL
5000000000.0,176,400,5,2,ADA,JAKSEL
15000000000.0,714,750,5,5,ADA,JAKSEL
4800000000.0,276,200,4,3,ADA,JAKSEL
17000000000.0,663,530,7,8,ADA,JAKSEL
7800000000.0,250,300,4,4,ADA,JAKSEL
15000000000.0,755,416,7,6,ADA,JAKSEL
13500000000.0,384,450,4,4,ADA,JAKSEL
26500000000.0,1047,500,5,3,ADA,JAKSEL
7500000000.0,170,300,4,3,ADA,JAKSEL
11900000000.0,239,568,4,4,ADA,JAKSEL
17500000000.0,477,520,4,3,ADA,JAKSEL
15500000000.0,633,530,5,3,ADA,JAKSEL
5500000000.0,188,314,4,4,ADA,JAKSEL
9900000000.0,741,411,5,5,ADA,JAKSEL
8650000000.0,225,518,4,4,ADA,JAKSEL
3650000000.0,78,185,3,3,ADA,JAKSEL
18500000000.0,660,600,5,4,ADA,JAKSEL
3600000000.0,164,150,4,4,ADA,JAKSEL
3400000000.0,95,156,4,3,ADA,JAKSEL
18000000000.0,786,1000,6,7,ADA,JAKSEL
17900000000.0,450,400,4,3,ADA,JAKSEL
4500000000.0,124,184,3,3,TIDAK ADA,JAKSEL
4500000000.0,300,235,4,4,ADA,JAKSEL
18000000000.0,600,500,6,6,ADA,JAKSEL
15000000000.0,741,750,5,5,ADA,JAKSEL
8000000000.0,380,450,5,5,ADA,JAKSEL
18900000000.0,470,660,4,4,TIDAK ADA,JAKSEL
21900000000.0,377,260,6,5,ADA,JAKSEL
5600000000.0,269,300,4,4,ADA,JAKSEL
4000000000.0,117,221,4,3,ADA,JAKSEL
20980000000.0,959,455,6,5,ADA,JAKSEL
3400000000.0,95,156,4,3,ADA,JAKSEL
25000000000.0,1100,550,5,4,ADA,JAKSEL
11500000000.0,400,416,5,3,ADA,JAKSEL
11510000000.0,233,544,7,7,TIDAK ADA,JAKSEL
3600000000.0,78,185,4,4,TIDAK ADA,JAKSEL
15000000000.0,250,460,4,4,ADA,JAKSEL
17500000000.0,518,450,5,7,ADA,JAKSEL
4000000000.0,117,221,4,3,ADA,JAKSEL
8000000000.0,350,350,2,1,TIDAK ADA,JAKSEL
20000000000.0,550,600,5,5,ADA,JAKSEL
30000000000.0,555,527,8,6,ADA,JAKSEL
27000000000.0,670,650,4,4,ADA,JAKSEL
20000000000.0,1040,600,4,3,ADA,JAKSEL
15750000000.0,598,243,4,4,ADA,JAKSEL
34500000000.0,974,800,5,6,ADA,JAKSEL
4300000000.0,124,184,3,3,ADA,JAKSEL
8500000000.0,230,310,5,3,TIDAK ADA,JAKSEL
9500000000.0,225,400,3,3,ADA,JAKSEL
19000000000.0,520,500,5,5,ADA,JAKSEL
13000000000.0,208,458,4,3,ADA,JAKSEL
11900000000.0,239,568,4,4,ADA,JAKSEL
13000000000.0,616,600,5,4,ADA,JAKSEL
20000000000.0,890,600,5,5,ADA,JAKSEL
7500000000.0,186,380,3,3,ADA,JAKSEL
6150000000.0,158,400,3,3,ADA,JAKSEL
10500000000.0,500,700,4,4,ADA,JAKSEL
13500000000.0,384,450,4,4,ADA,JAKSEL
55000000000.0,1475,1200,5,6,ADA,JAKSEL
19000000000.0,358,635,4,5,ADA,JAKSEL
13900000000.0,450,248,4,4,ADA,JAKSEL
29500000000.0,923,429,9,5,TIDAK ADA,JAKSEL
22000000000.0,455,570,4,5,ADA,JAKSEL
60000000000.0,1500,1200,6,6,ADA,JAKSEL
13000000000.0,314,450,4,4,ADA,JAKSEL
16000000000.0,895,420,5,5,ADA,JAKSEL
18000000000.0,968,600,4,3,ADA,JAKSEL
30000000000.0,1000,800,5,6,ADA,JAKSEL
47000000000.0,1375,1400,5,5,ADA,JAKSEL
6000000000.0,206,300,4,4,ADA,JAKSEL
9550000000.0,251,288,4,5,TIDAK ADA,JAKSEL
32000000000.0,973,1100,5,5,ADA,JAKSEL
19000000000.0,435,650,4,4,ADA,JAKSEL
55000000000.0,1500,1200,6,6,ADA,JAKSEL
17000000000.0,624,557,6,5,TIDAK ADA,JAKSEL
19000000000.0,870,700,6,4,ADA,JAKSEL
14700000000.0,474,455,4,5,ADA,JAKSEL
13800000000.0,260,360,6,5,ADA,JAKSEL
15000000000.0,450,400,4,3,TIDAK ADA,JAKSEL
10000000000.0,160,250,3,4,ADA,JAKSEL
6250000000.0,150,440,3,2,ADA,JAKSEL
7800000000.0,200,390,4,4,ADA,JAKSEL
6800000000.0,137,285,4,3,ADA,JAKSEL
15000000000.0,398,500,5,4,ADA,JAKSEL
19000000000.0,916,1000,5,7,TIDAK ADA,JAKSEL
6750000000.0,217,193,4,4,TIDAK ADA,JAKSEL
28000000000.0,330,300,3,3,ADA,JAKSEL
17000000000.0,921,310,3,3,ADA,JAKSEL
11900000000.0,260,365,4,4,ADA,JAKSEL
9530000000.0,150,523,3,3,TIDAK ADA,JAKSEL
10400000000.0,282,280,4,3,ADA,JAKSEL
6500000000.0,138,290,4,3,ADA,JAKSEL
15000000000.0,658,500,3,3,ADA,JAKSEL
6000000000.0,200,272,4,4,ADA,JAKSEL
6900000000.0,137,315,3,2,ADA,JAKSEL
16000000000.0,521,470,7,6,ADA,JAKSEL
19000000000.0,400,788,4,3,ADA,JAKSEL
25000000000.0,865,450,4,4,ADA,JAKSEL
15500000000.0,1100,600,4,4,ADA,JAKSEL
12600000000.0,540,800,5,4,TIDAK ADA,JAKSEL
7900000000.0,228,465,4,4,ADA,JAKSEL
20000000000.0,462,645,5,5,ADA,JAKSEL
5000000000.0,143,200,3,3,ADA,JAKSEL
18000000000.0,1900,650,6,6,ADA,JAKSEL
1100000000.0,90,180,3,3,ADA,JAKSEL
6500000000.0,427,300,4,4,ADA,JAKSEL
17000000000.0,407,850,6,5,ADA,JAKSEL
6500000000.0,217,195,4,3,ADA,JAKSEL
8500000000.0,307,400,4,5,ADA,JAKSEL
13500000000.0,429,600,5,4,ADA,JAKSEL
850000000.0,76,60,2,2,TIDAK ADA,JAKSEL
14000000000.0,460,500,5,4,ADA,JAKSEL
11200000000.0,371,250,6,3,ADA,JAKSEL
7700000000.0,200,373,4,3,ADA,JAKSEL
10000000000.0,388,343,4,4,ADA,JAKSEL
13500000000.0,282,380,4,4,ADA,JAKSEL
13000000000.0,410,800,4,4,TIDAK ADA,JAKSEL
27000000000.0,660,800,5,4,ADA,JAKSEL
19000000000.0,435,650,4,4,ADA,JAKSEL
7000000000.0,384,400,4,4,ADA,JAKSEL
27500000000.0,1068,300,5,3,ADA,JAKSEL
17000000000.0,465,640,3,4,TIDAK ADA,JAKSEL
10000000000.0,475,600,5,5,TIDAK ADA,JAKSEL
6800000000.0,210,275,3,2,ADA,JAKSEL
21000000000.0,754,500,4,4,ADA,JAKSEL
25000000000.0,1340,600,8,5,ADA,JAKSEL
16000000000.0,521,471,5,5,ADA,JAKSEL
6000000000.0,329,500,5,3,TIDAK ADA,JAKSEL
21000000000.0,1018,600,4,4,TIDAK ADA,JAKSEL
33000000000.0,1100,450,4,4,ADA,JAKSEL
2790000000.0,180,250,3,3,ADA,JAKSEL
8500000000.0,307,400,7,6,TIDAK ADA,JAKSEL
1930000000.0,111,135,3,3,TIDAK ADA,JAKSEL
14000000000.0,410,800,4,4,ADA,JAKSEL
12750000000.0,500,400,4,3,TIDAK ADA,JAKSEL
5000000000.0,188,260,4,3,ADA,JAKSEL
25000000000.0,1040,600,4,3,TIDAK ADA,JAKSEL
25000000000.0,1000,600,9,5,ADA,JAKSEL
85500000000.0,1500,1300,5,5,ADA,JAKSEL
5400000000.0,165,297,3,3,ADA,JAKSEL
14000000000.0,380,350,6,4,ADA,JAKSEL
5600000000.0,151,254,4,3,ADA,JAKSEL
38000000000.0,1390,750,6,4,TIDAK ADA,JAKSEL
30000000000.0,557,400,4,3,TIDAK ADA,JAKSEL
17500000000.0,518,450,5,7,ADA,JAKSEL
39500000000.0,1960,900,5,4,ADA,JAKSEL
15000000000.0,395,460,4,4,ADA,JAKSEL
13000000000.0,235,623,5,5,TIDAK ADA,JAKSEL
8500000000.0,434,380,5,2,TIDAK ADA,JAKSEL
45000000000.0,836,600,4,4,ADA,JAKSEL
10000000000.0,230,350,3,2,ADA,JAKSEL
20000000000.0,425,500,5,4,ADA,JAKSEL
5800000000.0,144,285,4,3,ADA,JAKSEL
20900000000.0,754,500,4,4,ADA,JAKSEL
24000000000.0,832,650,4,1,TIDAK ADA,JAKSEL
23000000000.0,800,400,4,4,ADA,JAKSEL
9000000000.0,256,245,4,4,TIDAK ADA,JAKSEL
1350000000.0,72,150,3,3,TIDAK ADA,JAKSEL
23000000000.0,800,500,5,4,TIDAK ADA,JAKSEL
14000000000.0,464,350,4,3,ADA,JAKSEL
15000000000.0,733,140,2,2,TIDAK ADA,JAKSEL
6500000000.0,500,400,17,18,ADA,JAKSEL
6800000000.0,376,352,5,5,TIDAK ADA,JAKSEL
10500000000.0,320,360,6,4,ADA,JAKSEL
20000000000.0,442,600,3,4,ADA,JAKSEL
16000000000.0,895,420,5,4,ADA,JAKSEL
15000000000.0,400,500,4,4,TIDAK ADA,JAKSEL
9000000000.0,240,380,3,3,ADA,JAKSEL
33000000000.0,1750,700,6,6,ADA,JAKSEL
6200000000.0,450,550,4,4,ADA,JAKSEL
40000000000.0,600,500,8,5,ADA,JAKSEL
14500000000.0,240,450,4,4,ADA,JAKSEL
25000000000.0,900,600,4,3,TIDAK ADA,JAKSEL
6200000000.0,376,352,4,2,ADA,JAKSEL
38000000000.0,2880,1000,7,6,ADA,JAKSEL
9000000000.0,350,650,4,3,ADA,JAKSEL
7000000000.0,251,325,3,3,TIDAK ADA,JAKSEL
9900000000.0,452,200,3,2,ADA,JAKSEL
15000000000.0,291,400,4,4,ADA,JAKSEL
16000000000.0,445,1200,6,6,ADA,JAKSEL
9000000000.0,300,300,4,3,ADA,JAKSEL
25000000000.0,700,500,4,4,ADA,JAKSEL
10000000000.0,468,410,4,3,ADA,JAKSEL
9500000000.0,350,430,4,4,TIDAK ADA,JAKSEL
30000000000.0,778,320,3,2,TIDAK ADA,JAKSEL
15000000000.0,923,900,5,4,TIDAK ADA,JAKSEL
20000000000.0,1050,650,4,4,ADA,JAKSEL
15000000000.0,530,633,4,3,TIDAK ADA,JAKSEL
5900000000.0,188,314,4,4,TIDAK ADA,JAKSEL
185000000000.0,6790,10000,5,5,ADA,JAKSEL
17800000000.0,430,500,4,4,ADA,JAKSEL
11500000000.0,375,400,5,4,ADA,JAKSEL
12000000000.0,340,600,11,11,ADA,JAKSEL
50000000000.0,325,500,3,3,ADA,JAKSEL
7900000000.0,266,475,4,4,ADA,JAKSEL
7000000000.0,250,280,3,3,ADA,JAKSEL
7000000000.0,230,400,4,4,ADA,JAKSEL
20000000000.0,600,890,6,6,ADA,JAKSEL
11000000000.0,575,210,4,3,ADA,JAKSEL
22000000000.0,1860,400,4,4,ADA,JAKSEL
20000000000.0,610,1000,6,6,TIDAK ADA,JAKSEL
16000000000.0,835,600,5,5,TIDAK ADA,JAKSEL
8750000000.0,158,400,3,3,ADA,JAKSEL
39000000000.0,1900,1000,6,5,TIDAK ADA,JAKSEL
10500000000.0,424,313,7,4,ADA,JAKSEL
14000000000.0,651,350,5,3,ADA,JAKSEL
11000000000.0,400,225,4,3,ADA,JAKSEL
24000000000.0,354,350,3,3,ADA,JAKSEL
14500000000.0,600,500,5,4,ADA,JAKSEL
8500000000.0,200,400,4,4,ADA,JAKSEL
9900000000.0,611,500,7,4,ADA,JAKSEL
21000000000.0,557,882,5,4,ADA,JAKSEL
6000000000.0,144,250,4,3,ADA,JAKSEL
14000000000.0,661,800,4,4,TIDAK ADA,JAKSEL
12900000000.0,539,610,4,4,ADA,JAKSEL
17640000000.0,503,541,4,3,ADA,JAKSEL
12000000000.0,600,500,4,4,ADA,JAKSEL
10000000000.0,237,250,4,3,ADA,JAKSEL
3790000000.0,248,248,4,2,TIDAK ADA,JAKSEL
9000000000.0,600,400,4,3,TIDAK ADA,JAKSEL
250000000000.0,6000,1500,5,5,ADA,JAKSEL
9500000000.0,274,258,3,3,ADA,JAKSEL
17500000000.0,518,450,5,7,ADA,JAKSEL
8250000000.0,159,278,3,3,ADA,JAKSEL
4300000000.0,123,190,3,3,TIDAK ADA,JAKSEL
4300000000.0,152,230,4,2,TIDAK ADA,JAKSEL
5620000000.0,122,311,3,3,ADA,JAKSEL
3250000000.0,240,200,3,3,ADA,JAKSEL
6500000000.0,144,285,4,3,ADA,JAKSEL
25000000000.0,1020,800,5,3,ADA,JAKSEL
23000000000.0,752,400,4,3,ADA,JAKSEL
17700000000.0,860,750,5,4,ADA,JAKSEL
7700000000.0,190,300,3,2,ADA,JAKSEL
16000000000.0,465,640,4,4,ADA,JAKSEL
6000000000.0,200,272,4,4,ADA,JAKSEL
15000000000.0,500,765,4,4,ADA,JAKSEL
25000000000.0,685,450,4,4,ADA,JAKSEL
20000000000.0,910,450,5,4,ADA,JAKSEL
15000000000.0,580,220,4,3,TIDAK ADA,JAKSEL
8500000000.0,246,221,3,3,ADA,JAKSEL
4000000000.0,125,125,3,3,ADA,JAKSEL
11500000000.0,400,300,3,3,ADA,JAKSEL
27500000000.0,1010,605,6,6,ADA,JAKSEL
6000000000.0,182,500,4,3,ADA,JAKSEL
17500000000.0,477,550,4,4,ADA,JAKSEL
17000000000.0,300,475,5,4,ADA,JAKSEL
7500000000.0,259,410,4,3,ADA,JAKSEL
28000000000.0,572,450,8,7,ADA,JAKSEL
7000000000.0,349,349,9,5,ADA,JAKSEL
9000000000.0,200,480,4,3,ADA,JAKSEL
39000000000.0,973,1100,4,4,ADA,JAKSEL
42000000000.0,2131,1600,5,5,ADA,JAKSEL
4000000000.0,219,103,4,2,ADA,JAKSEL
9000000000.0,490,350,4,3,ADA,JAKSEL
25000000000.0,1000,800,4,3,ADA,JAKSEL
3800000000.0,153,180,4,3,TIDAK ADA,JAKSEL
15000000000.0,506,400,3,3,TIDAK ADA,JAKSEL
17000000000.0,465,640,4,4,ADA,JAKSEL
7300000000.0,278,350,4,4,ADA,JAKSEL
8500000000.0,250,400,4,4,ADA,JAKSEL
55000000000.0,2641,1000,4,3,ADA,JAKSEL
17000000000.0,851,450,4,3,ADA,JAKSEL
17000000000.0,392,327,4,4,ADA,JAKSEL
10000000000.0,402,236,3,3,ADA,JAKSEL
12000000000.0,254,370,4,4,ADA,JAKSEL
10500000000.0,380,300,3,3,ADA,JAKSEL
17500000000.0,417,560,4,4,ADA,JAKSEL
5250000000.0,135,250,3,4,ADA,JAKSEL
13500000000.0,565,380,3,3,ADA,JAKSEL
10500000000.0,220,350,4,3,ADA,JAKSEL
17000000000.0,440,350,4,4,ADA,JAKSEL
7900000000.0,356,450,4,3,ADA,JAKSEL
18600000000.0,474,455,4,4,TIDAK ADA,JAKSEL
35000000000.0,1200,900,6,6,ADA,JAKSEL
25000000000.0,670,650,3,3,TIDAK ADA,JAKSEL
22000000000.0,754,500,4,4,ADA,JAKSEL
68000000000.0,2595,1000,5,5,ADA,JAKSEL
6500000000.0,266,350,4,4,ADA,JAKSEL
2500000000.0,200,120,3,3,ADA,JAKSEL
22000000000.0,754,500,4,4,ADA,JAKSEL
22000000000.0,888,450,4,3,ADA,JAKSEL
5100000000.0,120,210,4,3,TIDAK ADA,JAKSEL
9200000000.0,231,389,3,3,ADA,JAKSEL
36000000000.0,1200,850,5,4,TIDAK ADA,JAKSEL
7900000000.0,205,357,4,4,TIDAK ADA,JAKSEL
5800000000.0,250,350,4,4,ADA,JAKSEL
11000000000.0,230,350,4,4,ADA,JAKSEL
4900000000.0,340,210,3,2,ADA,JAKSEL
23000000000.0,806,700,4,4,ADA,JAKSEL
17000000000.0,440,350,4,4,ADA,JAKSEL
8200000000.0,188,330,3,3,ADA,JAKSEL
9500000000.0,251,295,4,4,ADA,JAKSEL
6500000000.0,266,350,4,3,ADA,JAKSEL
27000000000.0,900,400,4,3,ADA,JAKSEL
16500000000.0,600,400,7,4,ADA,JAKSEL
35000000000.0,2000,800,4,4,TIDAK ADA,JAKSEL
6200000000.0,142,311,3,2,ADA,JAKSEL
15000000000.0,912,484,6,3,ADA,JAKSEL
9500000000.0,251,295,4,4,ADA,JAKSEL
23000000000.0,806,700,4,4,ADA,JAKSEL
7370000000.0,211,465,4,4,ADA,JAKSEL
19500000000.0,850,750,3,2,ADA,JAKSEL
5800000000.0,122,289,3,3,ADA,JAKSEL
33000000000.0,1100,800,5,5,ADA,JAKSEL
22500000000.0,500,536,5,5,ADA,JAKSEL
4200000000.0,110,165,4,3,ADA,JAKSEL
16950000000.0,387,250,1,1,ADA,JAKSEL
13000000000.0,616,650,4,4,ADA,JAKSEL
18000000000.0,670,385,4,4,ADA,JAKSEL
7000000000.0,140,215,4,4,ADA,JAKSEL
5000000000.0,234,350,4,4,ADA,JAKSEL
38500000000.0,1420,550,8,5,ADA,JAKSEL
15000000000.0,395,420,4,4,ADA,JAKSEL
13500000000.0,230,400,3,2,ADA,JAKSEL
13000000000.0,372,450,4,4,ADA,JAKSEL
8500000000.0,250,400,4,4,ADA,JAKSEL
17000000000.0,786,1000,6,7,TIDAK ADA,JAKSEL
43000000000.0,1350,750,5,5,ADA,JAKSEL
13000000000.0,235,623,4,4,TIDAK ADA,JAKSEL
22000000000.0,1000,800,5,4,TIDAK ADA,JAKSEL
9950000000.0,212,300,4,3,ADA,JAKSEL
12500000000.0,512,350,3,3,ADA,JAKSEL
16000000000.0,578,500,5,4,ADA,JAKSEL
22600000000.0,754,500,4,4,ADA,JAKSEL
75000000000.0,1830,1000,5,4,ADA,JAKSEL
30000000000.0,1100,500,4,4,ADA,JAKSEL
20000000000.0,897,450,4,4,ADA,JAKSEL
15000000000.0,733,140,2,2,ADA,JAKSEL
19000000000.0,435,500,4,4,ADA,JAKSEL
8700000000.0,229,327,4,3,ADA,JAKSEL
25000000000.0,670,671,4,4,TIDAK ADA,JAKSEL
19000000000.0,520,600,4,4,TIDAK ADA,JAKSEL
35000000000.0,900,800,7,5,ADA,JAKSEL
18000000000.0,677,450,4,3,TIDAK ADA,JAKSEL
15000000000.0,415,150,3,2,ADA,JAKSEL
9500000000.0,350,460,6,5,ADA,JAKSEL
25500000000.0,1020,816,5,3,TIDAK ADA,JAKSEL
16000000000.0,1095,450,3,4,ADA,JAKSEL
15000000000.0,940,320,2,2,ADA,JAKSEL
22000000000.0,824,600,7,4,ADA,JAKSEL
6900000000.0,243,260,4,4,ADA,JAKSEL
20000000000.0,429,499,4,4,ADA,JAKSEL
45000000000.0,1466,900,9,9,ADA,JAKSEL
60000000000.0,2360,542,6,8,ADA,JAKSEL
10800000000.0,472,650,6,3,ADA,JAKSEL
56000000000.0,1470,2000,7,7,ADA,JAKSEL
14400000000.0,474,455,3,4,ADA,JAKSEL
60000000000.0,2630,542,6,8,TIDAK ADA,JAKSEL
9500000000.0,278,400,3,2,ADA,JAKSEL
19000000000.0,430,500,4,5,ADA,JAKSEL
40000000000.0,973,1100,4,4,ADA,JAKSEL
175230000000.0,4574,4271,4,4,ADA,JAKSEL
19500000000.0,834,780,6,3,TIDAK ADA,JAKSEL
17000000000.0,392,450,4,4,ADA,JAKSEL
16000000000.0,1095,450,3,4,ADA,JAKSEL
13000000000.0,407,850,4,4,ADA,JAKSEL
21000000000.0,817,500,4,3,TIDAK ADA,JAKSEL
19000000000.0,800,500,5,4,ADA,JAKSEL
1880000000.0,90,135,3,3,ADA,JAKSEL
5100000000.0,140,250,3,2,TIDAK ADA,JAKSEL
12000000000.0,572,432,5,6,ADA,JAKSEL
8000000000.0,350,350,5,5,ADA,JAKSEL
17000000000.0,389,450,7,4,ADA,JAKSEL
49000000000.0,943,600,7,4,ADA,JAKSEL
6000000000.0,144,250,4,3,ADA,JAKSEL
12000000000.0,230,300,5,4,ADA,JAKSEL
17000000000.0,470,660,4,4,ADA,JAKSEL
10500000000.0,220,325,4,3,ADA,JAKSEL
950000000.0,50,80,3,2,TIDAK ADA,JAKSEL
9500000000.0,462,350,3,3,ADA,JAKSEL
19000000000.0,358,500,4,5,ADA,JAKSEL
25500000000.0,1020,816,4,4,ADA,JAKSEL
2800000000.0,70,125,3,3,TIDAK ADA,JAKSEL
18500000000.0,358,500,4,4,ADA,JAKSEL
22000000000.0,780,580,4,4,TIDAK ADA,JAKSEL
5500000000.0,150,210,4,4,ADA,JAKSEL
10500000000.0,500,700,4,4,ADA,JAKSEL
17000000000.0,465,640,4,5,ADA,JAKSEL
5680000000.0,151,245,3,3,ADA,JAKSEL
15000000000.0,400,800,4,4,TIDAK ADA,JAKSEL
13500000000.0,615,500,4,5,TIDAK ADA,JAKSEL
4800000000.0,200,260,5,7,TIDAK ADA,JAKSEL
14000000000.0,350,250,3,3,ADA,JAKSEL
19000000000.0,520,500,5,5,TIDAK ADA,JAKSEL
17000000000.0,389,450,4,4,ADA,JAKSEL
13500000000.0,1034,900,6,5,ADA,JAKSEL
8500000000.0,307,400,7,6,TIDAK ADA,JAKSEL
9500000000.0,458,300,5,4,ADA,JAKSEL
40000000000.0,1050,800,27,21,ADA,JAKSEL
18000000000.0,900,500,4,4,ADA,JAKSEL
6700000000.0,285,258,4,4,TIDAK ADA,JAKSEL
37500000000.0,680,1250,6,5,ADA,JAKSEL
26000000000.0,600,450,4,4,ADA,JAKSEL
15000000000.0,500,1000,5,5,ADA,JAKSEL
33000000000.0,585,900,7,6,ADA,JAKSEL
8500000000.0,250,300,4,4,ADA,JAKSEL
22000000000.0,900,1800,4,3,ADA,JAKSEL
7900000000.0,220,300,3,3,ADA,JAKSEL
11160000000.0,248,333,4,4,ADA,JAKSEL
19500000000.0,443,450,5,3,TIDAK ADA,JAKSEL
10000000000.0,475,600,5,5,TIDAK ADA,JAKSEL
1100000000.0,59,80,3,2,ADA,JAKSEL
7190000000.0,207,245,3,3,ADA,JAKSEL
9000000000.0,200,300,5,4,ADA,JAKSEL
5700000000.0,144,325,3,3,ADA,JAKSEL
36000000000.0,1300,850,5,4,TIDAK ADA,JAKSEL
17000000000.0,663,530,5,4,ADA,JAKSEL
23000000000.0,650,600,5,5,TIDAK ADA,JAKSEL
1140000000.0,60,60,3,2,TIDAK ADA,JAKSEL
12500000000.0,512,350,3,3,ADA,JAKSEL
16000000000.0,587,350,4,3,ADA,JAKSEL
5800000000.0,144,285,4,3,TIDAK ADA,JAKSEL
17000000000.0,536,900,7,2,ADA,JAKSEL
14000000000.0,464,360,4,3,TIDAK ADA,JAKSEL
17500000000.0,518,450,5,7,ADA,JAKSEL
26000000000.0,900,500,7,4,TIDAK ADA,JAKSEL
11500000000.0,547,500,4,3,ADA,JAKSEL
19000000000.0,800,500,5,3,TIDAK ADA,JAKSEL
19000000000.0,800,500,5,4,ADA,JAKSEL
3600000000.0,164,150,4,4,ADA,JAKSEL
5300000000.0,90,205,3,3,ADA,JAKSEL
11000000000.0,436,300,6,5,TIDAK ADA,JAKSEL
6620000000.0,135,225,5,4,TIDAK ADA,JAKSEL
5500000000.0,164,240,4,3,ADA,JAKSEL
19800000000.0,1039,430,5,4,TIDAK ADA,JAKSEL
40000000000.0,1752,712,3,4,TIDAK ADA,JAKSEL
10000000000.0,395,450,5,5,ADA,JAKSEL
6500000000.0,124,300,3,3,ADA,JAKSEL
6800000000.0,145,330,4,1,ADA,JAKSEL
9000000000.0,450,700,4,4,TIDAK ADA,JAKSEL
4500000000.0,240,355,4,3,ADA,JAKSEL
24500000000.0,876,600,8,5,TIDAK ADA,JAKSEL
5800000000.0,144,325,3,3,ADA,JAKSEL
10500000000.0,500,700,4,4,ADA,JAKSEL
15500000000.0,440,350,6,4,TIDAK ADA,JAKSEL
7000000000.0,272,310,5,3,ADA,JAKSEL
14500000000.0,600,643,5,5,ADA,JAKSEL
5500000000.0,150,210,4,4,ADA,JAKSEL
17000000000.0,670,800,5,5,ADA,JAKSEL
18500000000.0,443,450,5,5,ADA,JAKSEL
4400000000.0,236,158,6,4,TIDAK ADA,JAKSEL
14000000000.0,460,400,4,3,ADA,JAKSEL
19800000000.0,1039,430,5,3,ADA,JAKSEL
6800000000.0,253,380,4,3,ADA,JAKSEL
14000000000.0,460,400,4,4,TIDAK ADA,JAKSEL
9550000000.0,251,288,3,4,ADA,JAKSEL
4600000000.0,123,190,3,3,ADA,JAKSEL
19000000000.0,358,500,5,5,ADA,JAKSEL
5800000000.0,128,148,3,3,ADA,JAKSEL
7000000000.0,291,210,4,3,ADA,JAKSEL
21500000000.0,788,400,4,3,TIDAK ADA,JAKSEL
38000000000.0,900,422,4,3,ADA,JAKSEL
5900000000.0,160,176,4,3,TIDAK ADA,JAKSEL
15000000000.0,600,450,5,4,TIDAK ADA,JAKSEL
14900000000.0,700,500,4,3,ADA,JAKSEL
16000000000.0,587,350,4,3,ADA,JAKSEL
21000000000.0,1180,550,5,4,ADA,JAKSEL
9500000000.0,330,450,5,2,ADA,JAKSEL
8500000000.0,400,280,3,3,TIDAK ADA,JAKSEL
14000000000.0,580,500,6,4,ADA,JAKSEL
26000000000.0,600,450,4,4,ADA,JAKSEL
13000000000.0,330,430,5,4,ADA,JAKSEL
8600000000.0,246,350,3,3,TIDAK ADA,JAKSEL
7000000000.0,194,229,5,4,ADA,JAKSEL
18000000000.0,800,600,5,5,ADA,JAKSEL
5500000000.0,214,245,4,2,TIDAK ADA,JAKSEL
43000000000.0,1000,600,27,27,ADA,JAKSEL
13500000000.0,250,350,5,4,ADA,JAKSEL
36000000000.0,1300,850,5,5,ADA,JAKSEL
4500000000.0,235,300,4,4,ADA,JAKSEL
18500000000.0,1000,700,4,3,ADA,JAKSEL
21500000000.0,603,400,4,1,ADA,JAKSEL
21000000000.0,358,500,4,5,ADA,JAKSEL
24000000000.0,450,1320,5,3,TIDAK ADA,JAKSEL
15000000000.0,225,425,5,4,ADA,JAKSEL
21600000000.0,800,500,4,2,ADA,JAKSEL
12000000000.0,477,970,5,4,ADA,JAKSEL
5000000000.0,185,255,4,4,ADA,JAKSEL
7700000000.0,188,300,3,3,ADA,JAKSEL
8700000000.0,246,350,3,3,ADA,JAKSEL
5200000000.0,464,400,5,5,ADA,JAKSEL
30000000000.0,1017,500,5,3,ADA,JAKSEL
4500000000.0,258,150,2,2,TIDAK ADA,JAKSEL
30000000000.0,1500,600,7,7,ADA,JAKSEL
28000000000.0,1100,800,5,4,ADA,JAKSEL
14200000000.0,474,455,3,3,ADA,JAKSEL
29000000000.0,1019,800,6,4,ADA,JAKSEL
6900000000.0,389,400,4,3,ADA,JAKSEL
21900000000.0,377,266,4,3,ADA,JAKSEL
14500000000.0,212,363,3,4,ADA,JAKSEL
5300000000.0,129,148,3,3,TIDAK ADA,JAKSEL
7900000000.0,181,330,3,4,TIDAK ADA,JAKSEL
4500000000.0,151,200,4,4,ADA,JAKSEL
17000000000.0,500,600,4,3,TIDAK ADA,JAKSEL
14500000000.0,240,450,4,4,ADA,JAKSEL
20000000000.0,1040,600,4,3,ADA,JAKSEL
5900000000.0,160,176,4,3,ADA,JAKSEL
20000000000.0,1026,750,6,4,ADA,JAKSEL
2500000000.0,94,180,4,4,TIDAK ADA,JAKSEL
18500000000.0,421,450,4,3,ADA,JAKSEL
20000000000.0,472,650,4,3,TIDAK ADA,JAKSEL
6500000000.0,295,300,4,4,ADA,JAKSEL
5000000000.0,225,245,3,3,TIDAK ADA,JAKSEL
17000000000.0,465,640,4,4,ADA,JAKSEL
15000000000.0,500,600,5,5,ADA,JAKSEL
10000000000.0,246,350,3,3,ADA,JAKSEL
18000000000.0,700,500,5,4,ADA,JAKSEL
36000000000.0,1147,900,5,6,ADA,JAKSEL
35500000000.0,500,525,4,4,ADA,JAKSEL
5250000000.0,190,320,4,3,ADA,JAKSEL
13500000000.0,330,520,3,2,ADA,JAKSEL
10700000000.0,604,550,5,5,ADA,JAKSEL
18000000000.0,415,470,5,4,ADA,JAKSEL
21000000000.0,817,500,4,4,ADA,JAKSEL
10000000000.0,227,400,4,3,ADA,JAKSEL
6500000000.0,215,320,4,3,ADA,JAKSEL
4700000000.0,260,280,6,4,ADA,JAKSEL
17500000000.0,518,450,5,7,ADA,JAKSEL
19750000000.0,500,536,5,5,ADA,JAKSEL
30000000000.0,317,450,4,4,ADA,JAKSEL
15000000000.0,585,300,4,2,TIDAK ADA,JAKSEL
25000000000.0,1050,1000,4,4,TIDAK ADA,JAKSEL
11100000000.0,230,568,4,4,ADA,JAKSEL
20000000000.0,780,500,4,3,TIDAK ADA,JAKSEL
5300000000.0,330,250,10,4,TIDAK ADA,JAKSEL
39000000000.0,973,1000,4,4,TIDAK ADA,JAKSEL
38000000000.0,1180,800,8,9,ADA,JAKSEL
18000000000.0,216,384,4,4,ADA,JAKSEL
23000000000.0,558,563,8,6,ADA,JAKSEL
26000000000.0,1083,1200,6,6,ADA,JAKSEL
23000000000.0,693,474,5,4,ADA,JAKSEL
4750000000.0,161,250,4,2,TIDAK ADA,JAKSEL
15900000000.0,400,500,4,5,ADA,JAKSEL
5500000000.0,230,300,3,3,TIDAK ADA,JAKSEL
9000000000.0,159,380,3,3,ADA,JAKSEL
19000000000.0,817,600,5,4,ADA,JAKSEL
22600000000.0,754,500,4,4,ADA,JAKSEL
33000000000.0,585,900,7,6,ADA,JAKSEL
12000000000.0,600,500,4,3,ADA,JAKSEL
15000000000.0,385,500,4,5,ADA,JAKSEL
17500000000.0,518,450,5,7,ADA,JAKSEL
1870000000.0,22,90,3,2,TIDAK ADA,JAKSEL
17500000000.0,800,800,5,5,TIDAK ADA,JAKSEL
5800000000.0,144,285,4,3,ADA,JAKSEL
39000000000.0,450,650,7,5,ADA,JAKSEL
6500000000.0,399,350,4,3,ADA,JAKSEL
12000000000.0,615,450,4,4,ADA,JAKSEL
8800000000.0,527,600,3,3,TIDAK ADA,JAKSEL
7730000000.0,225,245,3,3,ADA,JAKSEL
500000000.0,60,60,2,1,TIDAK ADA,JAKSEL
14400000000.0,474,450,4,3,ADA,JAKSEL
16000000000.0,407,575,5,4,ADA,JAKSEL
40000000000.0,973,1100,4,4,ADA,JAKSEL
11000000000.0,180,415,4,5,ADA,JAKSEL
5500000000.0,144,325,3,4,TIDAK ADA,JAKSEL
16000000000.0,350,600,4,4,TIDAK ADA,JAKSEL
21000000000.0,1042,550,7,6,ADA,JAKSEL
11200000000.0,246,345,6,5,ADA,JAKSEL
5500000000.0,214,245,5,3,TIDAK ADA,JAKSEL
6500000000.0,250,214,4,3,TIDAK ADA,JAKSEL
16500000000.0,472,650,4,3,ADA,JAKSEL
10500000000.0,230,300,10,10,ADA,JAKSEL
10000000000.0,227,400,6,4,ADA,JAKSEL
10500000000.0,876,700,7,4,TIDAK ADA,JAKSEL
15000000000.0,400,450,5,4,ADA,JAKSEL
8950000000.0,246,340,6,3,ADA,JAKSEL
22000000000.0,1000,800,5,4,ADA,JAKSEL
6800000000.0,133,331,4,3,ADA,JAKSEL
5200000000.0,347,300,5,4,TIDAK ADA,JAKSEL
20000000000.0,450,550,5,2,TIDAK ADA,JAKSEL
26000000000.0,700,887,4,5,TIDAK ADA,JAKSEL
15500000000.0,450,400,4,4,TIDAK ADA,JAKSEL
6900000000.0,625,500,4,4,ADA,JAKSEL
2750000000.0,130,175,3,3,TIDAK ADA,JAKSEL
22000000000.0,455,570,4,5,ADA,JAKSEL
9550000000.0,251,288,4,3,TIDAK ADA,JAKSEL
15000000000.0,520,500,4,4,ADA,JAKSEL
15000000000.0,1055,650,8,5,ADA,JAKSEL
39000000000.0,973,1100,4,4,ADA,JAKSEL
17500000000.0,518,450,5,7,ADA,JAKSEL
28000000000.0,1020,816,5,3,ADA,JAKSEL
4650000000.0,124,220,4,3,ADA,JAKSEL
6800000000.0,389,200,4,3,ADA,JAKSEL
5900000000.0,214,245,5,3,TIDAK ADA,JAKSEL
14500000000.0,648,400,8,6,ADA,JAKSEL
36000000000.0,1300,850,6,4,ADA,JAKSEL
19500000000.0,520,500,5,4,ADA,JAKSEL
5000000000.0,300,200,5,4,TIDAK ADA,JAKSEL
11100000000.0,282,383,4,2,ADA,JAKSEL
14000000000.0,718,400,2,2,ADA,JAKSEL
4950000000.0,135,250,3,4,ADA,JAKSEL
8500000000.0,246,221,4,4,ADA,JAKSEL
4700000000.0,110,250,4,3,TIDAK ADA,JAKSEL
14400000000.0,451,320,5,4,ADA,JAKSEL
85000000000.0,1175,1700,5,6,ADA,JAKSEL
6700000000.0,190,250,4,3,ADA,JAKSEL
4400000000.0,201,300,4,3,TIDAK ADA,JAKSEL
6800000000.0,212,170,3,2,ADA,JAKSEL
5800000000.0,150,171,3,3,TIDAK ADA,JAKSEL
14850000000.0,539,610,4,4,ADA,JAKSEL
11000000000.0,180,420,4,5,ADA,JAKSEL
17000000000.0,392,400,4,4,ADA,JAKSEL
8250000000.0,174,220,3,3,ADA,JAKSEL
8000000000.0,352,200,4,2,ADA,JAKSEL
16000000000.0,407,500,4,4,ADA,JAKSEL
5400000000.0,104,240,3,3,ADA,JAKSEL
14000000000.0,407,800,4,3,ADA,JAKSEL
25000000000.0,752,450,4,4,ADA,JAKSEL
19000000000.0,380,600,4,4,ADA,JAKSEL
1350000000.0,72,150,3,3,TIDAK ADA,JAKSEL
3500000000.0,156,95,4,3,ADA,JAKSEL
14500000000.0,560,200,3,2,ADA,JAKSEL
3500000000.0,100,186,4,3,ADA,JAKSEL
2200000000.0,110,200,3,3,ADA,JAKSEL
15500000000.0,1055,500,5,3,ADA,JAKSEL
1300000000.0,65,108,3,2,ADA,JAKSEL
1200000000.0,69,75,3,1,TIDAK ADA,JAKSEL
1310000000.0,51,60,2,2,TIDAK ADA,JAKSEL
2400000000.0,127,180,5,5,ADA,JAKSEL
5500000000.0,234,115,2,2,ADA,JAKSEL
15000000000.0,500,550,5,5,ADA,JAKSEL
35500000000.0,1500,1000,6,6,ADA,JAKSEL
3800000000.0,220,220,3,3,TIDAK ADA,JAKSEL
4970000000.0,154,300,6,4,ADA,JAKSEL
10500000000.0,202,600,3,3,TIDAK ADA,JAKSEL
680000000.0,50,60,3,2,TIDAK ADA,JAKSEL
2570000000.0,107,120,3,3,TIDAK ADA,JAKSEL
14000000000.0,949,800,5,4,ADA,JAKSEL
4600000000.0,201,350,4,3,ADA,JAKSEL
4200000000.0,109,188,3,3,ADA,JAKSEL
13500000000.0,465,365,5,5,ADA,JAKSEL
700000000.0,60,52,3,2,ADA,JAKSEL
1650000000.0,78,105,3,3,ADA,JAKSEL
1300000000.0,86,135,3,2,TIDAK ADA,JAKSEL
80000000000.0,800,2000,7,6,ADA,JAKSEL
11750000000.0,340,419,4,4,TIDAK ADA,JAKSEL
14900000000.0,291,400,4,4,TIDAK ADA,JAKSEL
57000000000.0,550,1200,5,5,ADA,JAKSEL
1350000000.0,69,100,3,3,ADA,JAKSEL
555000000.0,32,38,2,2,TIDAK ADA,JAKSEL
1200000000.0,60,70,3,2,ADA,JAKSEL
2990000000.0,123,160,4,3,TIDAK ADA,JAKSEL
7500000000.0,150,350,3,3,ADA,JAKSEL
4200000000.0,85,190,3,3,TIDAK ADA,JAKSEL
25000000000.0,850,530,6,4,ADA,JAKSEL
1880000000.0,60,90,3,2,TIDAK ADA,JAKSEL
5300000000.0,144,285,4,3,ADA,JAKSEL
1300000000.0,78,100,3,3,TIDAK ADA,JAKSEL
700000000.0,60,52,3,2,ADA,JAKSEL
650000000.0,60,52,3,2,ADA,JAKSEL
679000000.0,60,50,3,2,TIDAK ADA,JAKSEL
2200000000.0,110,200,4,4,TIDAK ADA,JAKSEL
1200000000.0,60,70,3,2,ADA,JAKSEL
3750000000.0,321,220,5,5,ADA,JAKSEL
15000000000.0,291,400,4,3,ADA,JAKSEL
13500000000.0,500,640,5,5,ADA,JAKSEL
15000000000.0,291,400,4,4,ADA,JAKSEL
7050000000.0,128,315,3,3,ADA,JAKSEL
13700000000.0,323,400,4,3,ADA,JAKSEL
9500000000.0,239,436,4,4,ADA,JAKSEL
14500000000.0,465,841,5,4,ADA,JAKSEL
17000000000.0,392,500,4,4,ADA,JAKSEL
32000000000.0,325,600,4,4,ADA,JAKSEL
168000000000.0,1770,1000,5,5,ADA,JAKSEL
30000000000.0,345,500,4,4,ADA,JAKSEL
32000000000.0,430,600,4,4,ADA,JAKSEL
180000000000.0,1442,1000,6,5,ADA,JAKSEL
90000000000.0,1066,5000,8,6,ADA,JAKSEL
35000000000.0,2600,700,5,5,ADA,JAKSEL
23000000000.0,400,400,4,4,ADA,JAKSEL
75000000000.0,1050,1500,5,5,ADA,JAKSEL
68000000000.0,470,1000,5,5,ADA,JAKSEL
135000000000.0,850,1000,5,4,ADA,JAKSEL
165000000000.0,2122,1500,6,6,ADA,JAKSEL
2800000000.0,75,150,4,2,ADA,JAKSEL
12000000000.0,340,419,4,5,TIDAK ADA,JAKSEL
11000000000.0,769,400,4,3,ADA,JAKSEL
33000000000.0,329,526,5,4,ADA,JAKSEL
85000000000.0,770,500,4,4,ADA,JAKSEL
3000000000.0,250,267,4,4,ADA,JAKSEL
65000000000.0,586,600,5,4,ADA,JAKSEL
7350000000.0,200,444,27,27,ADA,JAKSEL
40000000000.0,340,850,5,5,ADA,JAKSEL
120000000000.0,1050,998,5,5,ADA,JAKSEL
110000000000.0,1050,2500,8,5,ADA,JAKSEL
50000000000.0,912,600,5,4,ADA,JAKSEL
5150000000.0,144,285,4,3,ADA,JAKSEL
12500000000.0,875,578,6,5,ADA,JAKSEL
2950000000.0,82,145,3,3,ADA,JAKSEL
28000000000.0,490,500,5,4,ADA,JAKSEL
15700000000.0,860,350,5,4,ADA,JAKSEL
14900000000.0,291,400,4,4,TIDAK ADA,JAKSEL
15000000000.0,542,452,5,5,ADA,JAKSEL
14500000000.0,325,450,3,3,ADA,JAKSEL
72000000000.0,855,589,5,3,ADA,JAKSEL
5200000000.0,390,250,3,2,ADA,JAKSEL
7500000000.0,105,275,3,3,ADA,JAKSEL
75000000000.0,3000,2000,4,4,ADA,JAKSEL
8500000000.0,226,330,5,5,ADA,JAKSEL
12500000000.0,340,419,4,4,TIDAK ADA,JAKSEL
6100000000.0,199,350,4,4,ADA,JAKSEL
1280000000.0,72,78,3,2,TIDAK ADA,JAKSEL
30000000000.0,1100,800,5,6,ADA,JAKSEL
11000000000.0,459,500,5,5,ADA,JAKSEL
22900000000.0,680,850,4,4,TIDAK ADA,JAKSEL
9500000000.0,460,550,4,5,TIDAK ADA,JAKSEL
4970000000.0,161,300,5,3,TIDAK ADA,JAKSEL
42000000000.0,709,500,3,4,TIDAK ADA,JAKSEL
11000000000.0,256,350,4,4,ADA,JAKSEL
28000000000.0,997,800,4,5,ADA,JAKSEL
29900000000.0,680,650,6,6,TIDAK ADA,JAKSEL
12900000000.0,1145,400,6,4,TIDAK ADA,JAKSEL
4800000000.0,340,275,4,3,ADA,JAKSEL
7000000000.0,248,240,4,2,TIDAK ADA,JAKSEL
15000000000.0,291,400,4,4,ADA,JAKSEL
15000000000.0,1148,500,4,4,ADA,JAKSEL
7300000000.0,385,270,3,2,ADA,JAKSEL
4200000000.0,151,145,4,4,ADA,JAKSEL
4500000000.0,203,100,4,3,ADA,JAKSEL
23200000000.0,400,350,4,3,ADA,JAKSEL
34000000000.0,525,525,4,4,ADA,JAKSEL
7500000000.0,149,325,5,3,TIDAK ADA,JAKSEL
550000000.0,84,50,2,1,TIDAK ADA,JAKSEL
22000000000.0,616,800,6,5,ADA,JAKSEL
1200000000.0,60,70,3,2,ADA,JAKSEL
38000000000.0,320,1000,5,5,ADA,JAKSEL
21000000000.0,560,700,5,5,ADA,JAKSEL
60000000000.0,610,700,4,4,ADA,JAKSEL
5800000000.0,126,256,3,3,ADA,JAKSEL
15500000000.0,216,300,6,8,TIDAK ADA,JAKSEL
45000000000.0,483,1100,5,5,ADA,JAKSEL
2700000000.0,310,400,6,4,ADA,JAKSEL
1700000000.0,213,125,4,4,ADA,JAKSEL
3250000000.0,146,70,6,2,ADA,JAKSEL
7700000000.0,422,400,4,4,ADA,JAKSEL
19700000000.0,903,600,3,3,ADA,JAKSEL
1750000000.0,133,140,3,3,ADA,JAKSEL
6750000000.0,350,200,3,2,ADA,JAKSEL
30000000000.0,3000,500,4,4,ADA,JAKSEL
23000000000.0,348,468,4,4,ADA,JAKSEL
5000000000.0,212,195,4,3,ADA,JAKSEL
55000000000.0,4035,1500,6,6,TIDAK ADA,JAKSEL
4800000000.0,290,240,4,3,ADA,JAKSEL
430000000.0,25,40,2,2,TIDAK ADA,JAKSEL
4900000000.0,130,320,3,2,ADA,JAKSEL
15000000000.0,290,400,4,3,ADA,JAKSEL
28000000000.0,404,837,4,4,ADA,JAKSEL
13000000000.0,616,600,5,4,ADA,JAKSEL
15500000000.0,480,600,22,10,ADA,JAKSEL
10500000000.0,1000,476,5,5,ADA,JAKSEL
6500000000.0,250,280,3,2,ADA,JAKSEL
4050000000.0,468,500,5,4,ADA,JAKSEL
9000000000.0,355,400,6,5,ADA,JAKSEL
5900000000.0,403,200,4,3,ADA,JAKSEL
6500000000.0,400,300,4,4,ADA,JAKSEL
8500000000.0,540,450,5,4,ADA,JAKSEL
32000000000.0,325,600,4,8,ADA,JAKSEL
21000000000.0,250,400,3,3,ADA,JAKSEL
18000000000.0,290,450,4,3,ADA,JAKSEL
8500000000.0,529,315,4,4,ADA,JAKSEL
2800000000.0,170,169,4,4,TIDAK ADA,JAKSEL
28000000000.0,830,400,8,4,TIDAK ADA,JAKSEL
2950000000.0,170,230,5,2,TIDAK ADA,JAKSEL
7300000000.0,230,350,5,3,ADA,JAKSEL
11000000000.0,268,400,5,4,ADA,JAKSEL
5900000000.0,160,176,3,2,ADA,JAKSEL
8000000000.0,555,284,4,5,ADA,JAKSEL
4000000000.0,164,217,3,3,ADA,JAKSEL
1300000000.0,62,110,3,3,ADA,JAKSEL
1230000000.0,60,65,2,2,TIDAK ADA,JAKSEL
1200000000.0,65,60,2,2,ADA,JAKSEL
38000000000.0,316,1000,5,5,ADA,JAKSEL
4500000000.0,567,300,3,2,ADA,JAKSEL
6000000000.0,347,120,4,3,ADA,JAKSEL
25000000000.0,700,1200,5,7,ADA,JAKSEL
7500000000.0,186,380,3,4,TIDAK ADA,JAKSEL
7000000000.0,200,300,3,3,TIDAK ADA,JAKSEL
15000000000.0,702,451,4,4,ADA,JAKSEL
100000000000.0,945,700,4,4,ADA,JAKSEL
3600000000.0,105,136,3,2,TIDAK ADA,JAKSEL
6500000000.0,210,330,4,4,TIDAK ADA,JAKSEL
29000000000.0,300,295,4,3,TIDAK ADA,JAKSEL
95000000000.0,3300,600,5,4,TIDAK ADA,JAKSEL
28000000000.0,404,837,4,4,TIDAK ADA,JAKSEL
10500000000.0,507,480,6,5,ADA,JAKSEL
4970000000.0,154,300,5,3,ADA,JAKSEL
68000000000.0,814,494,5,5,ADA,JAKSEL
15000000000.0,291,400,7,6,ADA,JAKSEL
2480000000.0,120,160,4,3,TIDAK ADA,JAKSEL
13500000000.0,380,400,5,4,ADA,JAKSEL
11000000000.0,378,350,4,1,ADA,JAKSEL
2190000000.0,111,125,3,2,ADA,JAKSEL
4350000000.0,105,220,3,3,ADA,JAKSEL
7800000000.0,206,300,4,4,ADA,JAKSEL
30000000000.0,458,400,4,4,TIDAK ADA,JAKSEL
42000000000.0,630,500,5,4,ADA,JAKSEL
1800000000.0,111,160,4,3,TIDAK ADA,JAKSEL
3900000000.0,360,250,5,3,TIDAK ADA,JAKSEL
169000000000.0,2122,1024,10,5,TIDAK ADA,JAKSEL
7500000000.0,220,305,4,4,TIDAK ADA,JAKSEL
27000000000.0,1752,712,3,2,ADA,JAKSEL
6800000000.0,210,262,4,3,ADA,JAKSEL
10500000000.0,300,378,4,3,TIDAK ADA,JAKSEL
13750000000.0,500,640,5,6,ADA,JAKSEL
6900000000.0,210,330,4,4,ADA,JAKSEL
5800000000.0,122,240,3,3,ADA,JAKSEL
5500000000.0,180,350,4,3,ADA,JAKSEL
6900000000.0,450,600,5,6,ADA,JAKSEL
5900000000.0,160,300,3,2,ADA,JAKSEL
28000000000.0,488,450,5,3,ADA,JAKSEL
20000000000.0,292,800,27,27,TIDAK ADA,JAKSEL
77500000000.0,1148,1200,8,6,ADA,JAKSEL
3250000000.0,105,140,3,3,ADA,JAKSEL
1600000000.0,229,160,3,2,TIDAK ADA,JAKSEL
15000000000.0,400,500,4,5,ADA,JAKSEL
25000000000.0,674,500,5,4,ADA,JAKSEL
2200000000.0,105,124,3,3,ADA,JAKSEL
6750000000.0,200,180,2,2,TIDAK ADA,JAKSEL
3600000000.0,136,180,3,2,TIDAK ADA,JAKSEL
1450000000.0,76,130,3,3,TIDAK ADA,JAKSEL
6400000000.0,235,310,5,4,ADA,JAKSEL
1750000000.0,133,130,3,3,ADA,JAKSEL
6750000000.0,187,337,6,4,ADA,JAKSEL
85000000000.0,1180,1200,5,6,ADA,JAKSEL
65000000000.0,472,1200,5,5,ADA,JAKSEL
21000000000.0,321,800,5,6,ADA,JAKSEL
4500000000.0,972,350,4,3,ADA,JAKSEL
1530000000.0,78,107,3,3,TIDAK ADA,JAKSEL
3500000000.0,169,215,4,4,ADA,JAKSEL
1100000000.0,65,100,3,3,ADA,JAKSEL
3700000000.0,540,350,4,2,ADA,JAKSEL
16000000000.0,488,550,6,5,ADA,JAKSEL
4500000000.0,209,270,4,4,ADA,JAKSEL
29000000000.0,692,400,4,3,TIDAK ADA,JAKSEL
1700000000.0,102,140,4,3,TIDAK ADA,JAKSEL
